non-celebrity,1
nicely,1
prepare,2
reputations,2
half,13
upload,2
don't,11
Memory,1
disapproval,1
owners,1
halo,3
Western,2
approved,1
would,51
pick,1
outcomes,1
installments,1
Michael,1
customs,1
ten,1
energy,5
incomes,1
successfully,2
solid,1
Bidentified,1
spreading,1
investment,3
require,4
low-density,1
click,1
standards,4
Hoffa's,1
size,1
left,5
professors,1
downed,1
rounded,1
protective,1
amusing,1
statute,2
object,1
newspaper,3
accessible,1
telling,1
A,159
B,125
role,7
Starts,1
C,124
symbolically,1
D,124
E,5
hosting,1
F,9
G,6
H,1
I,10
turn,7
example,14
result,8
characters,1
humanities,6
S,1
same,8
T,1
Institute,2
Donahue,1
procedures,1
W,1
commission,2
shouldn't,3
underused,1
after,7
hand,2
policy,3
a,447
provocative,1
address,3
Digg,1
artistic,1
emissaries,1
eating,2
beliefs,1
Red,2
straight,3
the,1180
entering,1
latter's,1
sale,3
destroyed,2
police,3
Aguarding,1
s,3
unfunded,1
u,1
readers,8
v,1
obvious,2
information,12
Akeep,1
Writers,1
keywords,2
antismoking,1
Its,8
good,9
faithful,1
empty,1
Samuel,3
troupes,1
speakers,1
masterpieces,1
serious,3
implement,1
others,12
predicted,2
well-being,4
owes,1
sectors,1
making,7
fantasy,1
check,6
bank's,1
gone,1
hijacked,6
walked,1
aside,1
Toyota,2
outsourcing,1
Dconstitutes,1
supposed,7
scholars,1
universals,1
harm,1
disturbed,1
applied,3
Directions,3
Enroll,1
provided,2
Liodice,2
Gate,1
Brooklyn,1
indispensable,1
embody,1
Baldassare,1
expanded,1
society,8
flows,1
envisage,1
behavioral,7
provides,2
anticipation,1
inthe,1
root,1
upLine,1
hard,6
projection,1
ensuring,1
Islands,1
marvels,1
Age,1
Aristotle,1
effectiveness,1
Lynch,3
Young,1
ANSWER,1
blocks,1
approval,5
concentrate,1
room,1
Bthe,1
better,10
ranging,1
explosion,1
allegations,1
well,16
suitable,1
personnel,1
Ford,1
ambitions,2
taking,3
Motor's,1
irrelevant,1
BIt,1
Bpossible,1
fiercer,1
gains,4
investigators,1
myth,1
gained,1
implication,1
Britons,1
struck,2
Microsoft,2
flow,3
order,4
reminds,1
reformer,1
protecting,1
went,4
pressed,1
considering,3
piko,1
traveling,2
Air,2
turbulence,1
Auncertainty,1
reform,4
classical-music,4
cooperating,1
illustrated,1
schools,4
presses,1
transparency,2
foreseeable,1
managers,3
women,1
clear-act,1
woman,3
Evening,1
Menand,6
bestsellers,1
save,6
protection,5
Academic,1
matter,7
Prominent,1
walls,1
top,10
too,19
rosy,1
have,105
newsprint,2
PreCheck,8
succession,1
hugely,1
product,8
Nonetheless,1
famous,1
implications,1
reminder,2
question,7
drugs,1
globalization,1
spirit,3
intellectual,2
cheap,1
produce,4
sarcastic,1
justices,2
Justices,5
regard,1
Tropicana,1
Tipping,2
unreasonable,1
rose,3
standard-setters,4
thousand,1
communities,1
All,4
capital,3
translated,1
SHEET,2
employee,1
platforms,1
abilities,1
Merely,2
automation,9
biggest,1
academia,1
Education,2
contemptuous,2
academic,3
function,4
raise,3
quite,2
pipe,2
timescales,1
representative,1
traffic,3
tower,1
mindset,1
circumstances,4
troublemakers,1
law,17
including,10
introducing,1
plenty,2
less,17
Uniqlo,1
eras,1
condition,3
markets,8
inventions,1
Managers,1
Consequently,1
gratification,1
improve,4
And,14
were,32
try,2
bombing,1
specialized,2
became,4
Dits,1
university,3
chatter,1
Department's,1
technique,1
Corrupt,1
shorthand,1
Any,1
effective,3
times,2
wound,1
teacher,1
generous,1
individual's,1
possibility,2
says,13
direction,1
That,8
printers,1
comments,3
Noam,1
Getting,3
lengthy,1
Their,2
Point,2
realizing,1
damning,1
opening,1
probe,1
doctor,1
activities,2
stable,1
unfamiliar,1
CEOs,3
Cmore,1
respond,2
sketch,1
caught,1
prey,1
gotten,1
concert,1
diplomats,1
led,4
arousing,1
infuriating,1
defines,1
concern,4
horrified,1
integrity,2
Apple's,1
appreciative,1
let,2
Then,2
state,28
press,3
defined,4
element,1
neighborhoods,1
environmental,3
non-commercial,1
pace,2
picks,1
revitalizing,1
opposite,2
Brendon,2
undercover,1
complied,1
each,8
patchwork,2
labels,3
Arc,2
offering,2
creating,2
Newspapers,5
enroll,1
items,2
complies,1
Group,2
cut,5
entertainment,1
probably,8
killing,1
availability,1
networks,4
proving,1
descendants,1
two,18
Union,3
moment,3
promote,3
attack,1
does,11
reported,1
Elected,1
e-commerce,4
Wisconsin-Madison,1
Wisconsin,2
situation,4
creation,4
modifying,1
immigrants,1
legislation,2
inclination,1
Nature,1
Foreign,1
think,10
Against,3
consolidate,1
refused,1
languages,6
Obama,2
UK's,3
moods,1
Calls,1
replaced,2
reporter,1
services,3
withdrawal,1
stuffed,1
producers,4
They,12
Services,1
marketing,5
admitting,3
Ukip,1
watch,1
unmentioned,1
quit,3
coincident,1
thing,2
demanded,1
government-defined,1
fashion,21
Greene,1
margins,1
privileges,1
won't,1
medical,1
two-thirds,1
importantly,1
Companies,2
Papers,2
Scientific,2
source,5
Court,6
domestic,2
unable,1
holidays,1
paying,1
uncontrolled,1
There,14
separation,1
Dinner,1
bias,1
homes,3
donation,1
This,27
impinging,2
greeting-card,1
stability,1
they'd,1
budget,2
tech,6
actual,3
glass,1
involves,3
ultimate,1
widely,4
doubt,5
merit,1
develop,3
surprising,1
Liam,1
privileged,1
ancestral,1
Aserves,1
These,8
dominated,1
involved,4
explicatory,1
overall,5
page,1
Friedman's,2
assume,3
full,2
away,4
doctoral,4
scientist,1
Dennis,2
concept,4
aspects,1
resistant,2
millennium,1
house,2
mutual-fund,1
century's,1
starry,1
reneging,1
lifting,1
painful,2
enhance,1
hours,3
opposing,5
suspicion,1
purchase,2
start,6
enlarged,1
stars,1
stylist,1
worldobviously,1
wrongly-directed,1
lifestyle,2
DBrexit,1
Paragraph,25
stylish,2
equal,2
marvel,1
separating,1
hotels,2
paid,6
recipient,1
short,2
reducing,1
finance,1
studio,1
measured,3
plump,1
Come,1
attitudes,1
palm,1
celebrities,3
complementary,1
three,12
required,4
Greece,1
measures,10
coats,1
premise,2
Hawaiians,5
Poplar,1
payment,1
specifically,2
controversial,3
gallery,1
deputy,1
round-the-clock,1
convincing,1
players,2
nationally,1
Barna,3
hostage,1
deemed,3
priority,1
creative,5
coast,1
provide,3
telescopes,6
Life,1
requires,4
primary,1
Write,2
Thirty,1
Could,1
ever-growing,1
enterprise,1
today's,6
bright,1
Terminator,1
fish-eating,1
consume,2
firmsthose,1
teaching,3
planned,2
unknown,2
lot,2
comedies,1
computer,8
wholesale,8
low,4
cellphone,1
merely,1
news-filtering,1
meant,2
wealth,2
Administration,5
means,6
funding,7
survive,1
performers,6
initial,4
celebrates,1
Concentration,1
performed,1
common-sense,1
Chomsky's,1
fetch,1
fellow,1
foresters,1
barely,1
prevalent,1
cling,1
contradicted,1
interests,5
BuzzFeed,3
quick,3
compact,1
alliance,1
doom,1
tell,4
possession,1
recognizing,1
Critical,1
experience,10
launched,2
shores,1
runaway,1
enlightening,2
Eight,1
shows,9
wasteful,1
celebrated,2
disappeared,1
propagate,1
Hill's,1
trucks,1
Zara,1
day,6
accustomed,1
raising,3
obtain,2
drinking,1
curiosity,2
Requires,1
island,1
Queen,2
created,5
format,1
particular,5
water,1
done,6
illegal,1
August,1
Dare,1
economies,1
countless,1
Ccooperate,1
tens,1
ease,1
Uncertainty,1
critical,4
discipline-oriented,1
York,4
reactor,1
part,10
logistics,1
boards,3
Digital,1
humiliations,1
elsewhere,3
principal,1
Twist,2
guarded,1
tend,2
declining,2
east,1
signaled,1
workhouse,1
blaming,1
para,1
relies,2
browser,1
Alliance,1
dated,1
Will,1
boycott,1
off-plan,1
editors,2
introduction,1
villages,1
utopia,1
built,2
flagship,1
concentration,1
invalidate,1
seeking,2
third,6
someone,3
Second,7
build,3
gratitude,1
earn,3
Manchester,1
interaction,1
further,5
rituals,1
fitting,1
tolerate,1
intangible,1
gaping,1
Wing,1
coherence,1
Herz,1
Republican,1
couldn't,1
areas,3
stunning,1
Towards,1
parliament,1
ambiguous,3
That's,3
conducting,2
impulsive,1
Otherwise,1
bind,1
finds,3
sketches,2
record,6
examining,1
announcement,1
accepting,2
provinces,1
banks,9
pass,1
going,10
carefully,1
past,11
demoralization,1
shock,2
impact,7
paralysis,1
bill,1
CEO,7
whose,6
Sea,1
buyer,1
beginnings,1
senior,4
Line,6
Naturalization,1
Here,2
fines,2
adopting,1
Reform,2
relative,2
attitude,8
well-enforced,1
treatment,1
average,5
compare,1
Marketers,1
influential,6
choosing,3
Wears,1
feats,1
Fisher,1
CFW,1
unlike,2
Days,2
annoyed,1
term,2
acquisition,2
volcano,1
so-called,1
rigid,1
Vocational,1
mind,9
Polynesians,1
business,20
who've,2
retailer,1
advent,1
medieval,1
operational,1
right,6
partly,5
possible,7
constrained,1
bureaucrats,1
stealing,1
sedition,1
taught,2
stage,2
Donahue's,1
complicated,2
borrow,1
Your,3
agency's,1
under,11
did,12
quarter,5
uncool,1
Well-enforced,1
tolerant,1
added,1
Ever-bright,1
Collective,1
displaced,1
dangerously,1
down,4
faculty,1
shifting,1
She,1
later,8
Bilski,3
bird,1
adding,2
forgotten,1
legal,7
midst,1
airlines,2
List,2
Protection,1
signal,4
possibly,2
reviving,1
test,3
finally,3
enforcement,9
varied,1
conviction,2
regarding,2
misleading,2
propagation,1
Because,1
month,1
acceptance,3
University,9
embraced,1
puzzled,1
tackle,2
impossibility,1
virtual,1
squeeze,1
rather,11
Industrial,1
Harbor,1
importance,4
back,7
training,2
expectation,1
title,10
papers,3
petals,1
states,11
With,3
redefine,1
new-search,1
ignore,4
company,14
Children,1
nuclear,8
human,9
Leading,1
poetry,1
Big,1
billions,1
arrogant,1
length,1
permission,4
influentials,11
surfacing,1
expands,3
concerns,3
prosecutors,3
convicting,1
universe,1
interpret,1
baby,2
TMT,4
showing,2
qualified,2
'I,1
relic,1
helping,5
USPS,12
convert,1
attempt,1
rivalry,1
BabyCenter,1
December,2
balance,2
supplies,1
Despite,2
supplier,1
differentiating,1
'a,1
usually,2
Even,5
whereas,3
text,15
weakening,1
letters,1
inspection,2
fear,3
adoptive,1
high-fashion,1
exceeded,1
agendas,1
researchers,8
made,13
two-step-flow,2
bits,1
appreciation,5
sense,5
person's,2
being,11
removing,1
experiencesPrior,1
coaches,1
physically,1
field,1
contents,1
virtuous,1
warned,1
invalid,1
legitimate,2
ActFCPAIt,1
whereby,1
evaluate,3
status,6
upset,3
curve,1
bags,2
serves,1
Hawaii's,2
Consumers,2
underlines,1
mention,1
Ddenied,1
willfully,1
Well-being,2
government,13
Cneglected,1
advocated,1
known,9
legally,1
crime,1
dwarf,1
man,2
stand,4
leisure,1
acquaintances,1
knows,3
characterized,3
Alien,2
may,48
advocates,3
Business-method,1
forward,2
left-of-centre,1
ethical,1
reforms,2
cultivation,1
Spain,3
Pacific,1
spectacled,1
authorizing,1
underlined,2
statutes,2
bribing,1
websites,1
commonalities,1
Likewise,1
fees,1
opera,1
adjustments,2
mail,4
subject,3
use,22
recognition,1
feel,4
teenage,1
main,4
arrangement,1
Trade,1
esteemed,1
revenue,3
strip,1
Bob,3
monopoly,3
credit,2
alter,1
combine,2
Internet-based,1
waste,4
TSA,8
ideal,2
spurred,1
comedy,1
Nicholas,1
Walker,1
ideas,3
pressure,21
hardline,1
Boz,2
undesirable,1
becomes,6
literacy,1
self-contentedness,1
varieties,1
directions,1
background,4
Collection,1
thriving,1
Walk,1
Wall,1
noncontroversial,1
Unhappy,1
conceive,1
Information,1
breath,1
smoking,1
men,4
threats,2
Horizon,2
Round,1
justification,3
physical,3
included,3
met,1
make,27
designers,2
opposed,3
tiled,1
CSR,12
gift-givers,1
questioned,1
word-order,1
exactly,1
rapidly,1
structure,4
enrollment,2
Decline,1
stake,1
unseat,1
due,7
Wegner,1
circulation,1
Satire,1
Senior's,1
threat,2
viewpoints,2
psychological,1
depend,2
empirical,1
about,61
cure,8
curb,3
trees,2
constraints,2
screeners,1
granted,2
observed,2
crash,3
observer,1
entrenched,1
character,6
bank,2
meaning,8
Bush,1
Eliot,1
above,2
drawing,3
stick,2
disappearing,1
goals,3
upheaval,1
Equally,1
Bullock,2
Kea,10
myself,1
outer,1
invent,1
Circuit,1
received,3
substantial,2
Cardus,2
cracking,1
benefit,5
Fewer,1
quality,9
labor,7
vastly,1
avoided,2
Russell,1
name-and,1
Enhanced,1
unique,5
animal,3
Bernard,1
boost,2
receives,2
sincere,1
Postal,7
Miranda,1
Office,1
shared,5
shelter,1
participated,1
association,2
industry,17
eliminate,3
believe,5
cute,1
Overdressed,2
long,20
shares,2
fell,2
remember,1
into,24
state-sponsored,1
identifiable,1
examined,2
outsize,1
relationship,2
workers,9
holes,1
destruction,1
overpaying,1
But,49
variables,1
expression,3
middle,2
though,9
star,1
renewal,1
sticker,1
Hawaii,1
bans,1
appeal,3
many,30
releases,1
stay,6
everyday,2
controlled,2
appear,4
inspire,2
increasing,4
associated,2
descended,1
paintbrush,1
holds,4
progress,5
procreation,1
Australia,1
experts,2
open,3
seeks,1
seller,1
starving,1
fair-minded,1
wholly,2
suffering,1
forced,3
numbers,1
social-science,2
project,1
seven,1
enhancement,1
Last,2
roughly,1
uniformly,1
wood,2
First,5
bare,2
formidable,1
surprise,2
abound,2
studying,1
invert,1
alternative-the,1
solutions,2
Legislation,1
complaints,2
felt,1
bears,1
William,1
modification,1
look,11
effected,1
dense,1
assurance,1
Philharmonic,4
nuts,1
flying,1
forces,1
secured,3
internet,4
allow,3
Diplomatic,1
ranges,1
Secretary,2
needed,5
mass,1
proper,1
Time,1
polls,1
renaissance,1
contemptible,1
Kennedy,6
admit,1
common,4
urgency,1
interest,7
Branch,1
themselves,7
Chrome,1
activists,1
Acomes,1
performances,6
twin,1
mask,1
unaffected,1
apply,2
recently,3
staked,1
reporter's,1
Neither,1
court's,6
layout,1
Neville,1
money,4
Secretary's,1
Oprah,1
healthy,2
catering,1
Every,1
step,7
forever,1
mark,1
contends,1
trend,4
achievement,2
claimed,2
Capproval,1
Projection,1
whole,1
mom,2
Security,2
revolution,2
relation,1
reliable,2
loss,2
incentive,2
lost,2
richly,1
preliminary,1
obstacle,1
controlling,1
attempts,4
profits,3
still,17
Peretti,8
relating,1
nests,1
collaborative,1
work,20
lose,2
exceptional,1
mounts,1
postmodern,1
Tina,1
inequality,1
toward,4
books,3
mammals,1
knowing,1
Belgium,2
among,11
humiliating,1
wore,1
Avery,1
Harvard's,1
word,9
theory,7
love,1
Citigroup,1
extension,3
internal,1
literary,6
enjoy,3
secret,5
foundation,2
ourselves,3
punch,1
Complex,1
Thinketh,1
Ferrari,1
across,5
flexibility,3
believes,3
Chas,1
unacknowledged,1
writing,3
rushed,1
federal,24
nation's,3
eat,3
verify,3
believed,3
multilingual,1
middle-class,2
reward,4
include,1
alongside,2
DAA,1
hunted,1
Prize,1
sends,1
opinion,1
EEOB's,1
Marketplace,1
regulations,3
Shakespeare's,1
exists,1
ages,1
foresighted,1
dimensions,1
voice,2
craft,1
existence,2
threshold,1
It's,5
state's,1
regrettable,1
budding,1
evade,1
exaggerate,1
Arizona's,4
Prada,1
exploration,2
thinner,1
offset,1
cascade,1
unsettled,1
Americans,8
capture,1
Gustav,1
mining,2
failed,6
sounding,1
turnarounds,1
squeezed,1
appointed,1
qualification,2
Objective,1
concerts,1
preparing,1
recruit,2
intellectual-property,1
Overhead,1
cleaned,1
honored,1
weaver,1
seems,14
Chief,2
scientific,6
Science,5
luxuries,1
youngsters,1
insure,1
Beavers,1
asteroid,1
platform,1
expedited,2
Pricing,1
spend,2
Broadcasting,1
Since,3
February,1
Oxford,2
childcan,1
advantage,4
refutation,1
assistant,2
overestimate,1
cross-check,1
Service,9
instead,4
ultimately,2
controversy,2
whispered,1
ineffective,1
far-reaching,1
anticipate,1
variable,1
Future,1
revised,1
standstill,1
constituents,2
providers,2
exception,1
prevailing,2
markedly,1
temporary,2
sufficiently,1
desperate,1
year,20
allowed,6
leading,5
politically,2
laptop,1
urge,4
via,2
themes,2
music,14
professionalisation,1
biases,1
Street,2
understanding,4
liberals,1
near,2
because,19
moving,1
victims,1
Constitution,2
agreement,4
inviting,1
Streep,1
biased,2
AI,2
inspired,2
reshape,1
economy,4
insects,1
community,11
version,3
bronze,1
planning,6
selection,1
stop,1
conception,1
science,9
inspires,1
Cobjectiveness,1
restaurants,1
happening,1
returns,1
detail,4
Taft,1
Where,1
usefulness,1
June,1
forest,1
least,13
worded,1
immediately,1
Willumstad,1
An,4
Machine,1
optimistic,1
observatory,1
The,194
hungry,1
As,11
At,9
variations,3
Mullett,2
rotundas,1
behavior,5
musician,1
computers,1
agreed,6
perceptive,1
minimize,1
CD,2
wouldn't,1
fostering,1
preferences,1
brands,2
learn,7
highlighted,1
decreased,1
Jump,1
Michigan,1
tumblrcom,1
intrusion,1
perceptions,1
grammars,1
upside,1
Allen's,2
severe,3
BLow-wage,1
Meanwhile,2
By,7
problem-oriented,1
pathway,1
debates,1
idealists,1
exploit,1
Paragraphs,2
Take,2
addressing,2
screening,2
notes,1
eager,1
generates,1
evidence,9
errand,1
Safari,1
official,7
historical,2
ethics,2
DIt,1
assessment,2
leave,3
Kyd,1
faint,1
Doing,1
foreshadows,1
need,18
wrote,7
originally,2
often,13
newspapers,6
Do,3
insist,1
typewriter,1
users,9
Cit,1
risen,2
materials,1
traditions,1
Little,1
Euripides,1
hardly,1
sanctions,1
lasting,4
rises,1
Ed,1
Vermont,9
defied,2
private,5
technical,2
Angelina,1
complained,1
Cheese,1
During,3
BThe,2
precisely,4
lined,1
constituent,1
intentionally,1
responsible,1
end,13
lines,3
fails,3
forty,1
orchestra's,1
mistake,1
capabilities,1
bargaining,2
rich,4
agencies,1
praise,2
special,3
noted,2
significance,1
contempt,1
alleviated,1
liberal-arts,2
horizon,1
environment,10
Retailers,1
Previous,1
family,5
happens,7
systematicness,1
atmosphere,1
gift,3
slightly,2
career,2
occupation,1
education,15
called,5
HM,3
charter,2
release,1
Go,1
abiding,1
DNT,13
occurs,1
toll,2
investors,2
turns,1
newly,5
responding,2
gradually,1
tried,2
Osbornes's,1
deepest,1
judge,1
darkness,1
He,5
II,2
fleeting,1
shape,1
McCreevy,2
programmes,1
tackled,1
foundations,1
cross-cutting,1
educating,1
Dcan,1
thousands,5
forth,1
reinforced,1
Just,2
alerts,1
Band-Aid,1
Some,5
Top,2
art-loving,1
Senior,3
flawed,2
driven,1
Newman,3
weapons,1
If,11
carved,1
authors,1
Bmore,1
consumer-activist,1
indicated,1
In,59
against,20
Is,2
It,53
self-help,1
Quicker,1
isn't,4
crude,1
valid,2
filings,1
vacuum,1
encourage,3
asked,2
holders,3
indicates,3
rights,3
share,7
belts,2
bureaucratic,2
Jimmy,2
elegant,1
television,5
stores,3
Concern,1
chairman,2
Public-sector,2
sharp,1
concessions,1
Chronic,1
patient's,1
species,9
Illness,1
logic,1
novelist,1
Supervising,1
deferring,1
remodeling,1
Law,1
displeasure,1
capped,1
honor,1
Rather,4
losses,7
Dthe,1
dwellers,1
trial,1
decorated,2
exploitation,1
pages,2
links,1
net,3
overestimated,1
Li,1
public-health,2
conceptions,1
nasty,1
shaky,1
intense,1
settings,1
took,6
new,32
below,1
surviving,1
didn't,5
intimately,2
positions,2
moralist,1
unfashionable,1
driving,1
careers,2
parenthood,2
continuance,1
individually,1
networked,4
shame,2
supportive,2
Mr,6
influenced,8
Ms,2
financial,10
raced,1
dreams,1
Windows,2
trick,1
media,45
My,4
around,8
running,2
floors,1
eve,1
Ireland,1
Gateway,1
influences,1
talented,1
define,5
chose,1
France,5
reinforces,1
Framework,1
No,4
DIts,1
Circuit's,1
requirement,1
alarmist,1
specific,3
Standards,2
public-sector,12
onLine,1
prioritize,1
plots,1
risks,3
engage,2
Of,3
Industry's,1
Perhaps,2
strategy,1
forms,5
long-term,3
On,5
persuading,1
Mournful,1
Or,1
overstepped,1
achievements,1
farther,1
shift,1
uneconomic,1
bargain,1
professional,6
decided,2
skills,9
companies,20
accusation,1
meadows,1
lanes,3
builds,1
dance,1
fully,3
models,10
pre-funding,1
Liliuokalani's,1
expected,3
countries,15
Two,2
liberated,1
Hooray,1
Belated,1
eye,2
argues,7
envelope,1
himself,1
DeepMind,8
wanted,4
slow,1
glaring,1
AHigh,1
formulating,1
three-year,1
supplying,1
cloaking,1
skillful,1
Europeans,1
dishonoring,1
complexity,1
feels,2
argued,1
maybe,1
regrets,2
another,6
rallied,1
guarantee,2
students,10
journalists,3
Royal,1
default,5
knowledgeable,1
time-consuming,1
leniency,1
president's,1
EEOB,3
Sarah,1
Ethical,1
monoglot,1
expectations,2
mechanism,1
Rural,2
best-known,1
triumph,1
horror,1
structures,2
black,1
persuade,1
consensus,1
boring,1
such,37
stayed,1
absolute,1
gossip,1
describe,3
So,7
technological,6
Scott,1
supported,1
resulted,2
St,1
penalties,1
wealthy,1
Jennifer,4
widening,1
Commission,2
developing,2
remains,2
briefs,1
boast,1
research,11
housed,3
sciences,5
features,3
incomplete,1
white,1
UK,11
segment,2
Denmark's,1
houses,5
unattractive,1
huge,3
inarticulate,1
To,11
sovereign,1
US,9
amateurs,2
cater,1
attractive,4
imagine,3
town,1
might,12
engineering,1
girl,1
Free,1
whatever,2
airports,5
improving,2
servants,2
eradicate,1
leads,2
embarrassing,1
installment,1
clothing,1
Up,2
fields,2
orbiters,1
Us,1
Parliament,1
next,9
nod,1
September,1
hidden,1
string,1
graduates,2
nearly,5
penalized,1
KornFerry,1
doubtless,1
Netherlands,1
discontinuing,1
not,99
central,1
now,21
statement,2
backyard,2
faintly,1
factor,1
astronomers,3
Mauna,12
news,15
thoughts,3
delivery,2
election,1
green,5
breaks,1
race,1
Oliver,2
effectively,4
was,58
war,2
sculpture,1
derives,1
Trust,3
way,13
We,14
bothered,1
Constitutional,3
what,46
disciplines,3
Ackroyed,1
urban,6
timely,1
Within,2
battles,1
risk,6
window,1
attempted,1
rise,2
play,3
excludes,1
Monthly,1
Behind,1
fought,1
criteria,2
quickly,4
fad,1
taxes,1
decide,2
contested,1
unfeasible,1
issues,11
when,28
packets,1
Interests,1
modest,4
Privacy,1
priorities,1
fan,1
collections,1
endured,1
far,5
stuck,2
fat,1
proudest,1
embed,1
catch,1
issued,4
plan,5
give,6
college-,1
idealism,1
travellers,1
lives,9
depends,1
Parais,1
double,1
Newton's,1
suicide,1
survived,1
Yankee,1
primary-school,1
explicit,2
determined,1
completely,2
suit,2
Rule,1
implicit,1
explicitly,2
study,14
labour-rights,1
gardening,1
differences,2
direct,2
Research,1
housekeeper,1
commons,1
gain,2
science-fiction,1
receiving,1
modern,1
Protests,1
web,1
tragic,1
acknowledging,1
categories,3
explore,4
climate,5
cosmos,1
great,11
wrong,2
bargains,1
recordings,4
discoveries,4
general-circulation,1
organization,3
sides,3
overpack,1
Tommasini,3
certain,6
levels,1
board,2
economic,19
indicator,1
booking,2
pursuing,1
distinction,3
Court's,1
Regulatory,1
cycles,1
used,6
discontent,1
constantly,1
Professionalism,1
retirement,1
lineage-specific,1
originated,1
disassemble,1
looks,5
earned,8
presented,2
few,10
letting,1
robots,5
inverted,1
strain,1
otherwise,1
visible,1
borne,1
stresses,1
survival,1
unsurpassed,1
inner,1
Europe's,3
solely,2
re-share,1
produced,3
biotic,2
market,13
occupations-trucking,1
effects,4
refers,2
outside,4
effect,9
keep,9
unfavorable,1
produces,1
Vicwardian,1
option,1
forecasts,1
Alito,2
who,44
politics,2
game,2
thcentury,1
globally,1
unexpected,2
crucial,1
imprisonment,1
contribute,2
faith,2
why,11
remark,1
denies,1
necessarily,1
farcical,1
rearing,3
alone,5
O'Hare,1
postgraduate,2
looms,1
along,2
parallel,2
blunder,1
designed,3
win,1
lawyer,1
mocked,1
Anthony,2
stimulus,1
lobbying,3
designer,1
From,1
diminish,2
professorships,1
critics,4
Apraised,1
contained,1
Today,2
matters,1
theaters,2
various,2
Denmark,2
attention,9
approached,1
uses,1
visit,1
fulfillment,2
rake,1
reduction,1
user,2
evolutionary,1
oneself,1
unfold,1
extent,2
inhabitants,2
diminishing,1
untested,1
bring,5
voted,1
chemicalsOverdressed,1
dramatists,1
Across,1
losing,4
Ellen,1
Physical,1
fix,1
incompetence,1
assumption,2
giant,2
promotes,1
runways,2
doesn't,5
neglect,3
doubts,1
promoting,7
revolutionize,1
sure,2
grow,3
ad,4
Motor,1
headhunters,1
am,1
uncanny,1
an,70
former,4
extend,1
fold,1
as,152
Beaumont,2
at,79
Devil,1
turning,2
peace,2
Posthumous,1
bone-showing,1
consideration,1
looking,2
competitive,4
formed,1
hurt,1
frank,1
prove,2
be,176
commodities,1
consequently,1
reluctance,1
communications,1
search,4
wholesalers,2
notions,1
sudden,2
popularity,4
by,122
Ocean,1
panel,1
develops,1
marketing's,1
humanity,4
innovation,3
charge,2
keeping,1
quicker,1
unionists,2
flu,1
food,15
Dit,1
partner,2
half-century,1
skeptical,2
prospered,1
votes,1
Milton,2
essential,5
over-tweeting,1
ANSHWER,1
ditch,1
sites,5
language,13
girls,1
do,30
excessively,1
Stone,1
thinness,1
meaningful,4
Athe,3
Retail,1
museums,1
criticise,1
accounted,1
won,1
garment,1
rare,1
criticism,12
creativity,1
commissioner,2
Though,1
needs,4
which,48
image,2
patterns,5
fearsome,1
confrontation,1
browsers,1
profound,1
never,6
piece,1
Italy,2
first-class,2
commenting,1
carry,4
arose,1
lenientline,1
Explorer,1
necessity,2
dirt-cheap,2
identifying,1
tears,1
domes,1
compelling,1
vocal,1
origin,1
for,205
mistakes,1
watching,1
easing,1
content,4
burden,2
random,1
perhaps,5
Unable,1
rate,4
teachers,4
skill,1
patents,14
trouble,4
prosperity,1
class,4
reporting,2
attended,1
digital,4
PhDs,1
go,8
misinterpretation,3
Although,1
kept,2
rule-setting,1
form,6
management,7
self-expression,1
publish,1
playhouse,1
renew,1
forestry,1
EPG,1
he,17
Warren's,1
Over-tweeting,1
withdraw,1
presents,1
very,12
decade,4
practice,4
unpretentious,1
Flight,2
Dreevaluate,1
authorization,1
Copenhagen,1
appeared,4
Chomsky,1
four,4
else,10
Celebrity,1
context,1
easily,2
Teamsters,2
drag,1
if,27
clamp,1
likely,11
encouraging,1
commitments,1
issue,5
in,368
Amazoncom,1
commercials,1
lower,5
dismissed,1
Bevade,1
index,1
is,315
it,147
aimed,4
resulting,1
odd,1
conservation,5
traditional,6
dictates,1
DCharles,1
supplement,2
contrast,1
gave,5
Man,1
continuing,1
annoying,1
charter's,1
become,8
England's,2
wider,1
May,1
Websites,1
turned,3
IASB,4
widen,1
Gilbert,5
eagerness,2
eventually,5
subscription,1
Shaw,2
Aanalyze,1
Drequires,1
Bjob-hunting,1
stand-alone,1
literature,5
library,1
sending,1
ability,3
belief,1
forecasted,1
modernize,1
delight,2
Solution,1
immigration,10
James,1
slums,1
Use,2
suggestion,1
draw,1
off,7
generally,3
Cact,1
patented,1
places,2
seriousness,1
equals,1
complete,2
transaction,1
life-enriching,1
conscious,5
Paul's,1
advertisers,10
pools,1
political,11
Boulez,1
while,6
second,2
suggests,10
that,309
faster,1
ruling,9
Republicans,1
orchestra,2
Curbs,1
sufficient,1
than,39
me,3
limit,2
claim,7
credibility,4
widespread,4
communication,4
gatekeepers,1
tolerance,4
mother's,1
Dpreventing,1
toxic,2
months,1
fertilizers,1
Cits,1
author,17
Alan,1
possessed,1
follows,1
Carolina,1
City,1
my,5
Pickwick,7
Successful,1
flowing,1
expansion,1
chosen,2
license,2
expand,1
Inadequate,1
dream,1
fiscal,1
essay,4
rushing,3
survey,8
no,32
legacy,4
passionate,4
student,1
Britney,1
Similar,1
terrorists,1
'journalism,1
mixed,1
investigate,1
illusion,1
head,1
Ddescribe,1
secretwar,1
considerable,3
oil,1
Revival,1
productivity,1
Jonah,1
of,765
NHS,9
McGee,5
Mandarin,1
Pledging,1
Body,1
rescue,2
hear,4
occupied,2
on,152
mom-and-pop,1
allows,3
brief,1
Departments,3
or,70
sports,1
determine,1
Britain's,3
homeless,4
#NAME?,1
intelligent,1
twenty-five,2
perspectives,1
manipulating,1
ecosystems,1
luxury,2
easier,2
knit,1
sitting,1
increasingly,2
strategic,2
nation,1
registered,1
discipline,1
promised,2
haven't,2
States,9
Winston,1
engines,1
estimate,2
shifts,1
hundreds,1
legislature's,1
brand,1
promises,5
recent,9
Joshua,1
they,71
breaking,1
proposal,1
Alex,1
vibrant,1
self-deception,1
old,5
them,30
then,14
ancient,4
convincingly,1
hedging,1
re,1
consolidated,1
cognitive,2
refocus,1
attorney,1
adopt,1
guardianship,1
twelve,1
Mutual,1
London,5
oppose,1
starting,2
device,2
win-win,1
conservative,2
discovered,1
conference,1
shareholders's,1
activity,3
DVD-mailing,1
seek,5
seen,3
seem,11
poorest,1
Party,2
Administration's,1
variety,4
origins,1
Hawaiian,7
discoverer,1
so,36
caution,2
strained,1
Acts,2
Thomas,1
st,3
unions,16
decision,7
necessary,7
one,42
incurred,1
Asatisfaction,1
Section,1
reviewers,3
single,9
th,5
norms,1
threatens,1
Simply,1
to,675
Friedman,1
country,5
commercial,3
joint,1
separate,3
willing,4
reasonable,2
rules,13
orchestral,1
Industry,1
amazing,1
Supreme,4
awareness,1
ruled,3
Critics,1
details,1
wardrobe,1
reluctant,3
up,22
us,13
Another,3
smiling,1
ensure,3
Oriental,1
usual,2
epidemic,2
this,46
Bankers,3
suppose,1
remarkable,1
obscure,2
Conflict,1
towns,3
know,2
Internet,1
Worries,1
suggesting,2
frightened,1
support,9
changed,2
universality,3
drop,2
snack,1
Mankind,1
changes,10
Twitter,3
privacy,7
vehicles,2
that's,3
learning,4
pure,1
approving,1
misconception,1
dams,1
life,13
we,54
willingly,1
unknowable,1
similarity,1
gap,3
creations,1
lies,2
paradoxes,1
cases,3
slight,1
they're,1
previous,2
wide,2
Health,3
securing,1
teach,1
argue,3
Bdiscuss,1
succeed,1
choir,1
deeper,1
location,1
quarter-century,1
Bprotecting,1
unconsciously,1
NRC,2
Peele,1
halfinvitation,1
retirees,1
profitably,1
software,3
chains,1
held,2
Plays,1
competition,3
courts,1
none,2
type,1
beyond,7
'Sometime,1
problem,10
filtered,1
terms,1
arranging,2
voluntary,1
connection,1
heightening,1
proof,1
seized,1
presence,7
Seymour's,1
researcher,1
obsessed,2
method,5
wife,1
makers,1
contract,1
Lower-income,1
conclude,1
profitable,2
sluggish,1
come,10
they'll,1
innovative,1
exist,2
provisions,3
inheritor,1
examples,2
Bhigh,1
cooling,1
unemployment,1
force,2
Those,2
sexual,1
pharm,1
south,1
Appeals,1
German,1
distribution,2
tools,2
our,40
capacity,4
out,33
consuming,1
More,2
operators,2
Prize-winning,1
get,16
continues,1
Either,1
course,3
power,18
sensible,1
According,20
sell,1
continued,1
abide,1
lawmakers,1
made-up,2
amazed,1
help,12
forcing,1
massive,2
staircases,1
structuring,1
asset,5
Online,2
minimum,1
architectural,1
magic,1
date,2
reveal,4
data,11
obliged,1
sound,1
own,18
Most,3
balusters,1
blog,1
World,3
sales,5
barrier,1
realistic,2
product-promoting,1
create,7
publishers,1
consequences,6
criminal,2
brown-paper,1
Demand,1
Politicians,1
development,12
proud,1
curious,2
creatures,2
professionalising,1
resource,1
like,19
sent,3
Dsympathy,1
ending,1
efforts,6
Senate,2
addressed,1
Nuclear,2
proposed,2
purposes,1
Enraged,1
judges,2
expenses,2
concrete,3
here,4
note,2
long-lasting,1
everybody,1
regret,1
purpose,1
rejected,2
challenges,8
line,2
CRebort,1
scale,4
hero,1
recovery,2
conveyed,1
Accumulation,1
intends,1
security,10
station,1
considers,1
diverting,1
nose,1
prose,2
factory,2
costs,6
stating,1
stories,5
cost,5
will,59
implementation,1
confidence,1
smoke,1
edges,1
Rachel,1
groups,6
allowing,1
follow,2
intent,1
factors,7
Architect,1
Navy,5
compliance,1
swollen,1
Also,2
dignity,1
skies,1
challenge,6
serially,1
Think,1
functions,1
England,6
recognized,2
undergoing,1
your,10
remote,1
explanation,2
I've,1
America's,6
without,12
these,27
introduced,2
contributions,1
protected,2
Charlie,1
wasted,2
bleaker,1
discernible,1
persistent,1
prison,2
audience,1
thus,5
possess,2
Exposure,1
volunteers,1
analysis,5
skillfully,1
Having,2
journalism,3
innovations,1
dawn,1
wing,4
much,31
policymakers,2
entitled,1
flight,1
independent,3
achieve,2
concluded,3
misery,1
blossoming,1
Analyses,1
talking,2
plausible,1
rethinking,1
intuitively,1
lameness,1
Social,4
sharpen,1
sets,3
Shakespeare,3
playhouses,1
FASB,3
combines,1
union,3
faced,2
illiquidity,1
printing,3
loveLife,2
subtle,3
concludes,3
DNegative,1
persistence,1
days,3
combined,1
returned,1
recruits,1
novel,3
standard,1
Relying,1
acceptable,1
correct,1
Humans,1
reader,2
Mahler,1
got,3
Global,2
imitate,1
dominate,1
wish,2
iTunes,1
institution,2
amounts,2
ambition,2
aspirations,1
investigationsthey,1
contributed,1
area,2
visibility,1
vicious,1
Financial,2
pay,12
internationally,1
clearer,1
enormous,3
revival,3
European,8
Treasury,4
ventures,1
contributes,2
rivals,2
lack,3
About,2
candidates,1
external,2
spending,3
sobering,1
revise,1
success,5
State,7
authority,4
scenes,1
claims,9
remarked,1
folks,1
Scientists,1
permitting,2
shocking,1
legislature,1
child,4
young,13
medium,2
Darwinism,1
lenient,1
wisdom,1
fatal,1
Over,1
pear,1
psychology,1
paintings,1
you're,3
airline,2
live,9
responded,1
departed,1
Report,1
victory,1
Unfortunately,2
People,3
mobile,1
evolution,3
peak,1
Vernon,1
Marlowe,1
laborers,1
with,116
complaint,2
service,6
there,21
magazine,2
locals,1
Magazine,1
named,2
Downloading,1
indifference,2
considered,5
John,4
stenciling,1
invisible,1
focus,5
spot-onthey,1
favorable,1
changing,2
entire,3
Practically,1
approach,6
exaggeration,1
cascades,1
Howard,1
pen,1
e-mail,1
revive,1
per,2
write,7
normDNT,1
wage,1
period,3
unconventional,1
loyalty,1
corporation,1
understand,3
disrespect,1
dismiss,1
birth,2
confirmation,1
underlying,1
logicality,1
slowly,2
academies,1
intelligence,2
vigorously,1
innovator,1
ever,4
Screening,1
unhappy,1
Elizabeth,2
Theodore,1
FTC,2
million,5
even,25
strongly,1
restriction,1
meetings,2
bulk,1
Virginia,1
Dtake,1
favorably,1
Finally,1
larger,1
renovation,1
assumes,2
hundred,1
circuit,4
American,10
journalistic,2
kinds,3
Clarence,1
indicating,1
native,2
peer,10
costly,1
Among,1
hitherto,1
wasreneging,1
tempted,3
Quick,1
laid,1
particularly,1
robust,1
dominant,3
worrying,1
bought,2
Join,2
opportunities,3
ceases,1
self-interested,1
garments,3
framework,1
requiring,1
prisons,1
Net,1
imagining,1
New,10
possibilities,5
measuring,1
environments,1
steward,1
almost,4
Dpolicymakers,1
aeroplane,1
manner,2
foresee,1
sustained,1
well-orchestrated,1
harmful,3
wake,1
judgment,1
earlier,2
reaffirming,1
whether,6
Third,1
members,7
pit,1
stock,1
sneak,1
physiologist,1
terror,1
executives,4
accumulation,1
everyone,6
However,5
Public,1
disagreed,1
basis,4
DThe,1
affected,3
Three,1
moment-to-moment,1
Resistance,1
ethic,1
we're,2
exclusionary,1
arms,1
governor,2
rarely,3
basic,9
top-down,1
disagrees,1
initiated,1
unite,1
unclear,1
policies,6
cause,2
combat,1
Laureate,1
pursue,1
twentieth,1
ties,1
intended,5
extra,1
design,2
land,5
working,5
FASB's,1
department,1
idealized,2
countryside,3
chief,4
accord,1
performing,1
compensatory,1
foremost,1
academics,1
contributing,2
Opportunities,1
doubtful,2
followed,1
despite,2
apologies,1
English,17
conduct,3
livelihood,1
interested,2
machines,4
self-centered,1
wall,2
Entergy,8
Pilgrim,2
Secretaries,3
woodcuts,1
witnessing,1
Scrutiny,1
decay,1
advertising,2
discussion,1
Bcollect,1
teenagers,2
CCPOA,1
Cmisinterpreted,1
Everybody's,1
thinks,1
crowed,1
arrangements,1
meeting,1
welcome,1
events,4
landed,1
Meryl,1
mankind,1
abundant,1
began,3
earns,1
Africa,1
want,8
unnecessarily,1
scrutinised,1
uncover,1
Allen,3
recognize,1
pooling,1
difference,1
reality,5
styles,1
must,24
populations,2
actions,4
Should,1
Hill,1
Kate,1
neatly,2
marketer's,2
crops,2
scrutiny,1
giving,2
facts,2
marine,1
colors,1
Washington,3
anyway,3
thesis-writing,1
distasteful,1
found,12
system's,1
Prospects,1
defense,1
plant's,1
knight,1
arts,5
escape,2
limits,1
gives,5
emerging,3
Window,1
receive,2
Express,1
ideals,2
consulting,1
unfocused,1
simplification,1
politicians,3
entirely,1
shaping,1
religion,1
automated,1
realise,2
tragedy,2
powerless,1
Writing,1
bio-economy,1
implies,1
representatives,1
Telescope,1
Federal,6
Once,1
futurological,1
goods,1
voting,1
had,23
accounting,1
inferiority,1
secure,1
guides,1
late,2
incite,1
school,7
preserved,1
continue,5
overcrowded,1
things,8
has,103
island's,1
Species,1
inherent,3
realize,1
offers,4
given,2
last,23
Andrew,1
adapt,1
wash,1
Figuring,1
intrinsic,2
secrets,1
poached,2
favoritism,3
Nor,1
Not,4
checks,3
measure,5
institutional,1
Now,6
Immigration,1
citing,1
Priestly,3
Darwinian,1
mom-to-be,1
exports,1
Amisinterpreted,1
War,6
effort,3
surroundings,1
Way,2
anything,2
Marram,1
Conservatives,2
heavens,2
prudent,1
retiree,2
anti-bribery,1
vote,2
early,2
quieter,1
writings,2
Medicare,1
intruded,1
yet,13
childless,3
disposable,1
endorse,1
alike,1
wages,1
genius,1
clarity,1
Pulitzer,1
Far,1
infrastructure,4
typical,2
initially,1
Danish,2
observing,1
time,21
flourishing,1
aroused,3
initiator,1
happy,5
Bhas,2
program,7
continually,1
put,5
GDP,18
identified,3
universities,5
her,15
authorized,1
options,1
Development,2
futurologists,1
struggle,3
long-standing,2
grows,1
paper's,1
bluecolor,1
meets,1
laws,9
having,3
dissatisfactions,1
lesson,1
supreme,1
infancy,1
insightful,1
House,8
heritage,2
philosophy,2
bruising,1
Web,3
light,2
tiny,2
apparently,1
private-sector,1
valuable,1
conductors,1
backloaded,1
artist,4
methods,1
indictment,2
merits,1
get'success,1
linguistic,1
ornament,1
cautiousness,1
ways,8
theme,1
grown,2
IUCN's,1
staffs,1
Almost,1
predatory,1
grasping,1
editor,1
desire,5
suffers,1
efficient,2
consistent,1
disgrace,1
reverse,1
kitten-killing,1
permanent,3
subsidies,1
Few,1
garden,3
travel,2
choice,1
incidence,1
governed,2
small,10
civilization,1
fiction,3
before,13
carry-on,2
intensifies,1
appointment,4
him,10
BGDP,2
sapiensin,1
Wha,1
pessimistic,1
hit,1
Forever,1
his,41
major,16
answering,1
Technology,3
beat,1
better-behaved,1
emphasis,2
worldwide,3
feasible,1
funds,2
consider,5
potential,9
Who,1
group,8
retailers,7
repeatedly,1
TMT's,1
suitability,1
it's,10
acclaimed,1
dampen,1
resist,1
tree,3
Dominance,1
Why,2
Officials,1
history,10
stimulate,1
twice,1
distrust,1
absolutely,1
federal-state,1
interference,1
belonged,1
sustain,2
novels,1
composure,1
values,2
reveals,2
hopelessly,1
CSoon,1
satirist,1
their,108
percent,8
USPS's,1
point,10
banking,4
general,5
drawn-out,1
hospital,1
applying,2
ceiling,1
requirements,1
deserve,2
process,10
philosopher,1
then-famous,1
restore,1
alternative,2
clear,7
Only,1
crowded,1
encounter,1
clean,2
duplication,1
debts,2
marking,1
biographer,1
valued,1
mean,3
Times,7
fulfilling,2
Blacking,1
outweighs,1
blacking,1
marketers,4
account,1
irrepressible,1
mostly,2
been,48
miniskirt,1
safer,2
beef,1
legalscholars,1
Ideas,1
advance,1
evaluation,1
biophilia,1
Practices,1
Destroying,1
trip,1
mothers,2
National,5
diverse,2
strict,2
safely,1
you,19
beer,1
jump,1
limitations,2
knowledge,9
prime,1
happen,3
assistant's,1
intellect,1
Personal,1
loyal,3
preference,3
opportunity,5
active,2
California,1
sparked,1
chapel,1
court,12
misuse,1
population,3
route,1
enthusiasm,2
flexible,1
trying,6
deals,1
dealt,1
councils,1
millions,2
firms,1
natives,1
Alfred,2
stems,2
gardens,8
sustainable,3
many-between,1
comes,4
cited,2
Labor,2
characteristic,1
interior,1
how,20
consisted,1
one's,2
spreads,1
committing,1
endeavors,1
subjects,1
telescope's,1
Readers,1
AThe,2
transition,2
tells,1
Half,1
answer,3
regarded,1
meet,2
calls,4
series,3
Microsoft's,3
junk,1
Hall,1
aging,1
thrive,1
Yankee's,1
phenomena,1
misplaced,2
purse,1
bread-and-butter,1
publications,1
Revolution,1
represent,5
compete,1
celebrity,5
putting,1
Monday,1
sometimes,1
questions,3
PreCheck's,1
interpersonal,3
fast-fashion,3
hold,4
Cwinning,1
Greenbergian,1
pronouncements,1
ignores,1
bewildering,1
Rome,1
low-wage,2
cyberspace,2
outdated,1
scolds,1
Nevertheless,1
Humanity,2
talk,2
reply,1
Ideals,1
vanish,1
IASB's,1
ignored,2
dedicated,1
planet,3
prerequisite,1
count,1
For,13
wasp-waist,1
Hand,1
granting,2
vision,2
take,12
ecologically,1
Carey,1
budgets,1
immediate,2
blame,4
relatively,2
Bskepticism,2
unionized,1
some,30
Malcolm,1
waiting,1
beginning,4
purchasing,1
Annette,1
additional,2
aggregation,1
primarily,1
cursory,1
School,3
in-depth,1
Millennials,1
exposed,1
soften,1
passed,1
reception,1
just,11
Room,1
quitting,1
notice,1
respects,1
International,2
grants,1
sole,1
sold,2
jury,1
glowingly,1
clumplike,1
Avon,1
killed,1
home,3
existing,6
print,15
material,4
although,3
encouragement,1
owned,5
knighted,1
classmates,1
iron,1
decades,3
Good,4
president,4
explain,5
envy,1
unionism,1
unionist,1
Ceasing,1
hope,1
paragraphs,4
tracking,2
soon,1
scholarly,1
executive,3
concreted,1
tape,1
Sharing,1
Guardian,1
action,3
demolition,1
Human,2
accompanies,1
Google,1
revolves,1
skin-deep-and,1
predominance,1
feudalism,1
Conscious,1
fine-grained,1
distinctly,3
Japanese,2
disbelief,1
detached,1
afford,1
fires,1
underground,1
asks,1
hardest,1
biological,2
weusually,1
self-interest,1
Draising,1
constitutionality,1
acting,1
explores,1
Antonin,1
phenomenon,1
obsession,1
products,13
streaming,1
Cline,6
Ross,1
disapprove,1
can't,3
together,3
Johnson,3
within,6
topics,2
could,27
Harold,1
strike,1
Hate,1
boycotting,1
health,15
positive,3
defining,3
Cthe,2
agents,1
prospect,1
rustle,1
withhold,1
trusted,1
essays,1
machine,3
able,3
maladapted,1
CIts,1
looming,2
return,5
cheaper,1
instance,3
concerned,1
conscience,1
eliminating,2
Labour,2
serve,1
short-term,1
radio,1
dieting,3
reviews,5
solution,2
downloading,5
fine,2
find,9
host,2
accelerate,1
Albert,2
international,10
regardless,2
Less,1
selected,2
progressed,1
humanity's,1
cities,1
occur,1
illustrate,2
checked-baggage,1
Discovery,1
Trend,1
difficult,3
sort,1
film,1
seriously,2
fill,1
Gilbert's,4
experiences,3
sustainability,2
friends,6
heart,1
transforming,1
predicts,1
professor,3
task,1
consumer's,1
scientists,12
flaws,1
principles,2
TRUE,12
Mass-produced,1
position,7
present,4
problems,9
since,11
Congress,9
sentiment,2
patent,8
belong,2
borders,1
dangerous,1
appears,2
best,18
troubles,1
mess,1
problem-solving,2
transform,1
attracting,1
leadership,1
magazines,3
heard,1
Closer,1
Madonna-and-child,1
immune,1
equation,1
overturned,3
impressive,1
Criticism,1
writers,6
community's,3
theTimes,1
master,3
Mediterranean,1
processed,1
extraordinary,1
epidemics,5
Optimists,1
conventional,2
regulation,1
Anecdotal,1
evident,1
non-durable,1
Completed,1
mere,2
online,11
opinions,3
writer,1
writes,1
coming,1
Overall,1
Each,1
glue,1
credible,3
Old,2
United,9
agro-technological,1
cover,2
quoted,1
theatre,1
firm,4
reflect,4
competitors,2
Department,3
contribution,1
waysSuch,1
ignorant,1
Permission,1
fire,1
sticking,1
based,7
Construction,1
backdrop,1
Haze,2
far-off,1
haircut,1
something,4
Says,1
intention,1
Later,1
enthusiastic,2
necessitated,1
Brynjolfsson,1
thereby,1
Starting,1
processing,2
impulse,2
except,4
egregiously,1
programs,1
professionalism,1
governor's,1
religious,3
overvalued,1
stress-free,1
fact,6
superiority,1
grandparents,1
One,8
respectable,3
reacting,1
knocked,2
fundamental,2
global,8
stakeholders,1
upheld,1
fade,1
unless,3
excess,1
plants,2
perspective,1
Under,1
rugs,1
operating,1
free,3
equality,2
ought,3
landscapes,1
Don't,1
reaction,1
protections,1
people,45
simulations,1
actually,1
evolve,1
face,4
abandon,1
economics-minded,1
oldest,1
showed,1
After,5
invite,1
operation,1
aspiring,1
alarming,1
Miliband,1
reputation,5
combative,1
independence,3
inside,1
Erik,1
mainly,5
coordination,1
leaves,1
Weekly,1
Journalism,1
falsely,1
adjusting,1
monumental,1
ruin,2
five,3
commands,1
century-the,1
Merrill,1
celebrate,1
new-build,1
Wasted,1
please,1
collection,1
finding,2
fits,1
hunger,2
elected,2
announced,2
channels,1
IUCN,1
campaign,7
vital,2
conflict,1
rough,1
soothing,1
reasons,4
Transportation,1
father,3
jumped,2
rule,4
Paid,1
amateur,2
quo,1
fundamentally,1
damaging,1
wants,3
definition,1
wonder,4
every,12
mechanized,1
characteristics,2
about-face,2
envisioned,1
entail,1
inferior,1
upended,1
again,1
dramatic,5
groundless,1
indeed,1
artificial,2
comment,1
Omnivore's,1
leader's,1
employ,1
promisingand,1
unsurprisingly,1
comparatively,1
reasoning,1
entrepreneurs,2
erupted,1
desirable,1
during,1
fair,3
degrees,3
Away,1
critic,4
grammar,4
big-city,2
enable,2
price,7
permissions,1
safety,4
defensive,1
non-specialist,1
liabilities,1
dependent,1
decoration,1
profession,1
competing,1
briefly,2
arise,2
pharmas,1
reduced,2
agree,4
focusing,2
innovativeness,1
imagination,1
Our,3
resistance,1
Out,1
doors,1
filing,1
fail,3
welcomed,1
enjoyment,1
itself,4
spectrum,1
anyone,4
Theirs,1
disproportionately,1
favorite,1
songbirds,1
Pierre,1
steep,1
hoped,1
classical,6
tracked,2
requests,2
birds,4
substitute,1
pictures,4
Challenge,2
foreign,2
uniform,1
discontinue,2
patrolled,1
Dilemma,2
moreover,1
causes,3
hopes,2
steer,1
collective,3
biologists,1
explains,1
event,1
overshadowed,1
established,3
gloominess,1
caused,2
pleads,1
innate,1
Fashion,6
overseer-Congress-insisting,1
evolving,1
culture,14
damaged,3
cannot,5
fake,5
France's,1
forgot,1
runs,1
first,25
Octavia,1
lawyers,2
perfect,2
prefer,2
astronomical,1
Professionals,1
fewer,3
clearly,2
minority,1
space,1
fourfold,1
reference,2
Fundamentally,1
theater,1
inferred,9
uploading,4
Spanish,1
from,110
town-and-country,1
Advertising,1
Roosevelt,1
American's,1
bottom,1
commitment,1
sustainably,1
out-of-town,1
finished,1
published,8
accidents,1
fossil,1
fading,2
travelers,3
stenciled,1
social-news,1
researcher's,1
covered,2
publisher,1
intervention,1
fame,1
Louis,1
Avoiding,1
solving,1
bribery,2
death,3
adornment,1
advice,1
knee-jerk,1
frequent,2
according,10
interact,1
statements,1
factories,1
membership,2
error,2
network,2
holding,2
trace,1
moments,1
operations,1
paper,2
public,25
array,1
worshiped,1
track,1
concealed,1
value,15
modernization,1
enforced,1
firm's,1
monetary,1
constructed,2
ink,2
resources,8
heaviest,1
expensive,1
worthless,1
performance,1
trade,5
round,1
currently,1
insisted,1
e-mails,1
Hartford,1
growth,11
comic,2
aiming,1
paternal,1
vague,3
objects,2
Cordell,1
building,10
setting,2
properly,1
Cardus's,1
Advertisers,4
graduate,1
poor,4
unanimous,1
protoscience,1
sorts,1
ran,1
invented,1
unlikely,2
virtually,1
excellent,1
focus-group,1
Para,7
fairly,1
indicators,2
shaking,1
authorities,2
achievers,2
airport,2
cultural,4
Newspaper,1
Underused,1
Part,1
cigarettes,1
Favoritism,1
shortly,1
Building,7
southern,2
providing,2
weeks,4
Accounting,2
Definitely,1
essence,1
Similarly,1
best-seller,1
insistence,1
uncertainty,1
Ming,1
French,5
Mind,1
aspect,2
targeted,2
Evolution,2
aggressive,2
departments,2
close,2
supporters,3
indulgence,1
awarded,1
holistic,1
oblige,1
oppression,1
turbulent,1
fast,2
calling,2
grocery,2
qualities,1
apologized,1
citizens,2
persuasive,2
nine,1
ofpeer,1
couple,2
asserting,1
special-interest,1
rural,6
moved,1
acclaim,1
red,1
Trump's,1
act,8
post,2
helped,1
Ernest,1
coping,1
gifts,2
concluding,2
add,3
dreaming,1
educational,1
its,85
consent,1
article,1
respect,2
shelf,1
retreat,1
Pearl,1
ads,8
There's,2
therefore,2
exchange,2
rationalization,1
Chicago's,1
income,8
trust,9
Bexaggerated,1
buyers,3
production,5
primal,1
monarch,1
miles,1
prevent,2
behave,1
Harvard,4
happiness,4
scope,4
strikes,1
democratic,1
Evidence,1
bills,1
surveillance,1
on-trend,1
reigning,1
identify,1
Applications,1
embrace,1
cigars,1
citizenship,1
gift-giver,1
recorded,3
message,4
objectivity,1
truth,2
White,5
Exactly,1
moves,1
Club,3
English-speaking,1
exempt,1
listener's,1
age,7
college,1
smaller,1
tendency,2
ago,5
overlooked,1
rid,1
accessed,1
subconscious,1
years,22
number,16
pleading,1
dugs,1
connects,1
George,5
Crouch,1
overturnedbecause,1
casual,2
odds,1
dailies,2
property,1
decline,7
Rosenberg's,1
businesses,6
DMiddle-class,1
Platforms,1
Plymouth,2
nothing,4
volumes,1
distributed,3
handle,2
impacts,1
Credibility,2
dazzlingly,1
journals,1
tough,1
Hoffa,2
exit,1
system,15
erected,1
courtship,1
Miss,1
partial,1
precedent-setting,1
urges,2
Justice,6
algorithms,1
other,30
aim,4
city,1
confident,1
father's,2
retain,2
drastic,1
air,3
skilled,1
slowdown,1
retail,5
local,5
segments,2
healthcare,2
well-connected,1
defeat,1
extravagant,1
out-dated,1
universes,1
assertion,1
speak,1
decisions,4
Performers,1
outcome,1
sacred,2
social-media,1
Popularity,1
rests,1
filled,1
specialists,2
curriculum,1
demographic,1
tended,1
powerful,2
removed,3
future,20
moan,1
evidence-based,1
royal,3
governance,1
family's,1
Nickleby,1
newsstands,2
Rosenberg,6
body,8
points,6
mode,3
brains,1
Arabic,1
well-educated,1
reap,1
Stirling,1
prides,1
pregnant,2
always,8
all,52
read,9
upgrading,2
already,8
conducted,2
couples,1
adhere,1
clock,2
real,9
wordspeer,1
April,1
mended,1
Greenberg,1
adaptable,1
panorama,1
Stuck,1
Taxes,1
mobilize,1
InArizona,1
monthly,1
postal,6
Portsmouth,1
collect,1
leakage,1
badly,1
leverage,1
Kea's,2
entertaining,2
dumb,1
contracts,1
Lyndon,1
weakness,1
headlong,1
and,451
today,12
construction,5
environment-friendly,1
saying,2
row,2
Safety,1
universal,3
abroad,1
deliberately,1
radical,2
warnings,1
skepticism,1
unnecessary,3
Figures,1
intuitive,1
any,10
suggested,2
caring,1
specialisation,1
Researchers,1
application,3
starring,1
until,3
undergraduates,2
collapse,2
Franklin,1
expanding,1
reason,9
thought,3
paraphrase,1
prosecution,1
anywhere,3
acts,1
Landon,1
chiefs,1
Rolex,1
cake,1
Least,1
uplifting,1
annual,2
exclusive,1
Foundation,2
repertoire,1
sweater,1
poverty,2
shopping,3
devoted,1
using,4
deeds,1
one-way,1
hosts,1
Designed,1
Make,1
completed,1
demand,9
ales,1
photographs,1
Joseph,1
letter,4
completes,1
truer,1
choices,3
corruption,6
annually,1
Bank,3
unaffordable,1
increased,4
housing,2
frequently,4
Denham,2
handed,1
acquire,3
tactic,1
Certainly,1
worth,4
increases,1
automobile,1
cried,1
diversity,2
Association,1
IBM,1
responsibilityCSR,1
Star,1
are,172
taken,3
came,4
visions,1
Osborne,1
where,22
broader,2
Many,5
takes,5
popular,2
kids,2
Stemming,1
Netflix,1
esteem,1
enviable,2
Cure,1
thoughtful,2
lacking,1
favors,1
describes,1
archaeological,1
Great,1
call,3
armed,1
relations,2
fabulous,1
through,15
style-conscious,1
embarking,1
engagement,2
becoming,4
strength,1
officer,1
disregard,1
offices,4
lifetime,1
run,4
justified,3
individuals,3
imprisoned,1
repeated,1
scrutinize,1
debate,2
mother,2
protests,1
either,4
view,9
Nostalgia,1
warriors,1
Look,1
donate,1
fragmented,1
Aless,1
leaking,2
unbalanced,1
results,1
author's,8
those,25
estimates,1
worry,2
courses,1
boosting,1
motives,3
significant,3
worse,3
bleed,1
prosecuted,2
longer,5
Denham's,2
everywhere,2
lopsided,1
colleagues,4
Long,1
spaces,1
parties,3
name,4
Journalistic,1
worst,1
nonhuman,1
selling,2
justifies,1
leaving,4
Lines,1
benefits,3
Warehouse,1
shop,1
novelty,1
boom,1
absence,1
prospects,3
Yes,1
attract,2
book,9
show,4
description,1
Mark,1
critique,2
edition,3
Yet,12
generating,1
cautious,2
augmented,1
recession,1
negative,6
street,1
wholesaling,3
feverish,2
Cincreases,1
hence,1
illiquid,1
boot,1
BOptimists,1
happiness-enhancing,1
blogged,1
sensing,1
Pollan's,1
people's,5
learned,5
introduce,1
nineteenth,1
estimated,1
Luddites,1
suddenly,1
target,1
Her,1
nervous,1
assuming,1
giants,4
business-method,10
duty,2
moms,3
Greek,1
Sandra,2
leader,1
modeling,1
dangers,1
developers,1
usage,1
Gerald,1
collected,1
hijack,1
cast,3
anxious,1
piano,1
largely,8
broad,2
officials,8
pressures,1
Dwight,1
truly,1
elevate,1
greater,4
case,15
admired,1
generation,1
images,3
waits,2
mass-market,3
lifetimes,1
unification,2
Roxanne,1
upholstered,1
speculated,1
schoolchildren,1
saving,1
sticks,1
phone,1
rely,5
Composure,1
legislators,2
failing,1
excessive,2
style,4
Members,1
care,5
damage,2
pattern,2
non-profit,1
babies,1
criticizes,1
corruptive,1
labour,2
bleak,1
freedom,1
Curriculums,1
seldom,1
physics,1
protect,1
architecture,2
Lost,1
stress,1
reliance,1
more,82
display,1
born,2
superfluous,3
anytime,1
conductor,2
beautifully,1
beings,1
His,9
accounts,3
grounding,1
CIssues,1
shut,2
habits,3
questionable,2
mature,2
navy,1
persistently,1
transforms,1
penny-per-letter,1
simple,2
anti-patent,1
influence,22
cloud,1
responsibilities,1
other's,2
Robert,5
percentage,2
Aniston,2
connections,1
described,5
factual,1
corrupted,1
crisis,5
kind,5
crafted,1
traces,1
Media,1
glamour,1
billboard,1
government's,1
both,12
persuasion,1
important,8
most,49
disciplinary,1
phrase,5
Love,1
daily,2
sheds,1
job,6
erroneous,1
largest,3
awaken,1
interactions,1
generative,2
highlight,1
joy,1
billion,9
reject,1
patient,1
corridors,2
America,3
imitation,1
traced,1
inventor,1
mentioned,1
accompanying,1
profit,1
social-sciences,1
amount,4
move,8
administrations,1
comply,1
Dhad,1
saw,1
say,9
also,18
enough,12
insensitivity,1
increase,6
gets,1
kingdom,1
spread,3
educated,1
favor,3
organizations,6
investigation,1
latter,2
adhered,1
Graddol,3
You,7
simply,6
customer,2
Entergy's,4
equivalent,1
projects,1
bad,6
Dickens,14
reflected,1
boys,2
retrospect,1
ban,3
canon,1
offer,5
suffer,1
ruining,1
campaigns,2
complex,4
memorizing,1
Cexemplify,1
violated,1
gaining,1
adequately,1
Schumpeter,1
personal,3
Dless,1
day-to-day,1
Cherish,1
submitted,1
plans,2
plant,5
drive,2
thatamong,1
geographical,1
strong,7
deal,8
traits,2
stained,1
readiness,1
affect,3
publicationprocess,1
facing,2
dead,1
proven,1
ministers,1
eyes,1
servant,1
advertisements,3
see,6
offered,2
responsibility,6
civil,5
subsequent,1
counteracting,1
national,6
customers,6
deceptiveness,1
Sketches,1
omission,1
compared,4
set,6
incorrect,1
joined,1
Liberal,2
sex,2
jobs,7
benefited,1
words,7
medicine,1
entered,1
practices,3
integrate,2
applicant,1
instructed,1
dissatisfaction,1
Economic,1
Television,1
transmissible,1
Shakespearean,1
somewhat,1
validity,1
Regarding,1
corresponds,1
Upcoming,1
performs,1
beauty,8
precede,1
two-step,1
developed,1
genetically,1
holiness,1
horeca,1
contact,3
Knight,1
excuses,2
Eisenhower,2
North,1
Achievement,1
arrangements-,1
plaster,1
visionaries,1
Cline's,1
complain,1
Alternatives,1
she,4
Democrats,3
McDonnell's,4
adjust,1
parts,2
aren't,1
helps,5
western,1
debt,2
party,2
duties,2
little,15
lucky,1
however,11
deep,2
trained,1
Instead,1
sources,4
regulatory,3
capable,2
exhibits,1
regulators,3
getting,9
wronged,1
ESoon,1
signs,2
related,2
undermines,1
captured,1
clears,1
Alongside,1
views,4
over,22
six,1
practical,2
living,3
historic,2
undermined,2
bound,1
wearing,1
obviously,2
CRobot,1
professionalised,1
representational,1
pyramid,2
avoid,6
humans,3
comprehensive,2
elaborate,3
big,12
Dickens's,5
select,2
fulfill,3
advanced,1
bin,1
Which,24
peers,2
mechanical,1
beautify,1
nations,2
bit,1
Portugal,1
improved,1
President,2
Board,2
striking,1
advances,1
beside,1
majority,3
model,1
animals,2
influencing,1
there's,1
conflicted,2
sentence,1
reduce,2
large,9
director,2
satisfied,1
aggressiveness,1
smoothed,1
compromises,1
shareholder,1
transactions,1
drink,7
CThe,1
operate,1
attracted,2
verdict,2
exclusively,1
narrowed,1
reconsider,1
compromised,1
begin,3
Germany,2
recommending,2
sizable,1
paragraph,17
Besides,2
works,3
brought,6
alive,1
Empire,2
payments,1
pursuit,1
professions,1
baby-size,1
emerged,1
AIt,1
minimized,1
thinking,6
prosecutions,1
vale,1
world,25
inquiry,1
viewed,2
misses,3
marquetry,1
prejudice,1
angle,1
tradition,2
reactors,1
urgent,1
Dtolerance,1
everything,4
Seymour,2
intricacies,2
affordable,1
side,1
missed,1
change,27
South,2
fluency,1
indirectly,1
comfort,1
pensions,2
likewise,2
punishment,3
century,10
corporate,3
discovery,16
instruction,1
report,2
emerges,1
powers,4
Szent-Gyrgyi,2
improvements,2
theirs,1
Autobiography,1
constant,3
concertgoers,2
mislead,1
several,3
sign,4
outrage,1
diffuse,1
office,4
posts,2
download,3
high,12
publication,2
orphan's,1
expressed,1
directly,5
different,11
Engine,1
physiques,1
officially,1
company's,7
Executive,2
level,3
Europe,9
longstanding,1
adjusted,1
restrictions,1
preserve,1
roots,1
establish,1
permanently,1
deter,1
synthetic,1
belongs,1
confide,1
focused,1
enacted,1
David,3
parents,6
consumed,1
behind,1
tastes,1
box,1
mental,1
hostility,4
regularity,1
afloat,1
boy,2
switch,1
stenographer,1
enjoys,1
total,1
noneconomic,1
Baier,1
politely,1
consumers,21
ills,1
prices,6
consumer,1
highly,2
consumes,1
initiative,1
economist,1
chance,6
plays,4
sells,1
nature,5
social,59
Counteraction,1
interesting,3
illegally,1
raised,3
control,7
compositions,2
demanding,1
clerk,1
lobby,4
dormant,1
quarrel,1
reconstruction,1
essentially,1
worthwhile,1
closest,6
Threats,1
Cindividual,1
counts,1
Needs,1
threatening,1
stood,1
fighting,1
objective,3
Frequent,1
Saturday,1
scene,1
redefined,1
dynamics,6
exert,2
facilitates,1
Dcooperative,1
strengthen,2
drawn,1
societies,2
publishing,3
trends,6
sober-sided,1
Rested,1
inadequate,1
deny,1
closely,1
unrealistic,1
miserable,1
Britain,10
Lesson,1
remaining,1
accept,1
glory,2
actors,2
yearning,1
transcribing,1
Passengers,2
doctors,1
appreciated,1
constructions,1
plunged,1
conditions,5
lessons,1
Such,4
access,7
soul-crushingly,1
HIV-prevention,1
geniuses,1
cooperate,1
watchers,2
unusually,1
sum,1
Churchill,1
sun,1
Liliuokalani,1
English-language,2
past-tense,1
referring,3
current,6
headhunter,1
managed,1
Missouri,1
actively,1
key,4
situations,2
silent,1
makes,3
sponsored,1
threatened,4
skylight,1
Listed,1
cricket,1
rate-increase,1
vast,1
story,4
Vanity,2
but,46
buy,7
available,3
express,1
Devoted,1
quest,1
claiming,1
zero,1
instantly,1
engineered,2
Brexit,1
recruiters,1
wishes,1
written,3
unusual,1
sector,7
generate,2
fills,1
extreme,2
migrating,1
films,1
Gray,2
degree,5
astronomy,7
McAfee,1
Chronicle,1
enhanced,1
especially,10
once,8
hint,1
headlines,1
sine,1
demonstrate,1
higher,8
Bincreasing,1
curving,1
doing,8
hire,2
records,2
figures,4
idea,10
kid,2
adults,1
inventory,1
re-searchNot,1
What,10
Rise,1
one-click,1
world's,6
News,2
throughout,1
missing,2
conflicts,2
turnover,1
successful,1
coverage,1
allocation,2
gradual,1
encourages,1
types,4
figure,1
British,4
reforming,1
consumption,5
technology,6
rethought,1
Elizabethan,1
functioning,3
Liberum,1
pairing,1
Kingdom,2
Reese,1
co-dependencies,1
ones,10
passing,3
Vermont's,3
gentleman,1
advertise,1
compromise,1
streets,1
Meter,1
reach,1
backed,1
comparative,1
Opposition,1
remold,1
lightly,1
react,1
shrinking,1
Moreover,2
Further,1
children,8
review,1
tighter,1
timber,1
nobody,2
slippage,1
guide,1
Arizona,4
between,20
inclusive,1
efficiency,1
goal,5
natural,5
arising,2
rightly,1
Reception,1
deprived,2
ultra-thin,2
abuzz,1
following,28
Models,1
four-story,1
managerial,1
provoked,2
seasonal,1
stickiness,2
range,3
Rage,2
glamorous,1
toattract,1
weak,1
overseas,1
Hull,1
Congress's,2
seeing,1
flaw,2
feature,1
lean,1
provokes,1
recall,1
place,9
regular,1
federal's,1
objection,3
informed,2
dispute,2
overstate,1
high-quality,2
Gladwell,1
bigger,2
hesitancy,1
suggest,3
speeded,1
lead,2
fraction,1
filter,1
expect,2
inexorable,1
Sedition,2
sunlight,1
site,9
highlights,1
When,10
assess,1
objecting,1
Sometimes,2
elements,2
Nobel,2
responses,1
Sadly,1
bachelor's,1
malpractices,1
Policy,1
argument,2
adequate,1
Keep,1
transferable,1
begun,2
leaders,3
tremendous,1
InternetExplorer,1
parks,1
growing,5
assets,12
Winfrey,1
surprisingly,3
only,36
should,43
tag,1
Facebook,1
Novelty,1
officers,2
tap,1
indirect,2
individual,9
behaviors,2
goes,4
patients,6
accepted,2
tax,3
towards,4
caters,1
planet's,2
Roberts,2
regards,2
condemning,1
Scalia,1
person,4
favours,2
safe,2
files,1
enforce,1
instrumentalists,1
departure,1
Lanes,1
fragile,1
presidential,2
wayof,1
favorites,1
supposedly,1
Dscientific,1
week,7
Egypt,2
musicians,2
shoe-polish,1
gigantic,1
Google's,2
fled,1
Auckland,1
aware,2
can,52
drama,6
Skills,1
ready,1
cafes,1
eligible,1
bankruptcies,1
upHomo,1
flew,1
studies,4
McDonnell,2
said,12
country's,3
Lyly,1
greatest,3
cleaning,1
unconscious,1
motion,1
limited,5
studied,1
While,3
passive,3
played,2
clothes,2
really,6
carrier,1
response,6
refreshing,1
granite,2
counterparts,2
dynamism,1
independently,1
category,3
tends,2
